label,text
ham,attached and call update a review
ham,schedule meeting attached and we and and call agenda
spam,please free for winner click buy
ham,project meeting this notes schedule discount we
spam,now discount winner you to urgent credit a you schedule
ham,notes your call review schedule lunch you lunch
spam,for free your click your loan limited win please
ham,draft schedule report update project cash attached the please agenda
ham,to update call call call review team schedule please offer
ham,update for notes agenda lunch attached we agenda update draft please we
spam,cash free to winner win free now now the
spam,limited loan the you urgent win loan free
ham,for attached schedule your meeting your we budget deadline update team
spam,your click prize cash credit win this guaranteed discount guaranteed
spam,cheap winner a loan prize limited cash credit and we now agenda
spam,prize cash urgent this win and cheap
spam,deadline click cheap and free the cash
spam,offer the now loan the cash buy credit we guaranteed free
ham,meeting please your report meeting lunch discount project team
ham,the lunch project and meeting budget for your draft meeting draft budget
ham,we the update review team agenda
ham,agenda notes the report report we
ham,deadline notes deadline we your team and attached meeting
ham,team and notes call lunch team the project
spam,discount limited and credit your guaranteed draft now cheap urgent click
spam,discount win cheap win buy notes and this win
spam,we a to the free urgent loan cash budget winner buy
ham,a call report draft agenda and
ham,for budget schedule the lunch agenda
ham,deadline cheap call team this you call
spam,win a notes for discount free win for to credit buy prize
spam,guaranteed prize and the to cash limited
ham,review to update budget attached the deadline report attached
spam,free for discount and for discount credit discount cheap update guaranteed prize a
spam,now urgent limited please click winner a you project win
spam,winner winner win urgent we credit the please free prize guaranteed
ham,lunch and deadline lunch call report project meeting lunch and
spam,limited cash the buy cheap you review buy urgent now winner
ham,draft the a meeting draft agenda update agenda
ham,review schedule notes review free deadline you this draft this you deadline meeting
spam,you buy free loan cheap cash loan to winner a
spam,you prize urgent your review offer guaranteed
spam,the buy offer offer cheap to free guaranteed guaranteed
spam,win we cheap winner limited urgent free please cheap click
ham,for notes deadline your your notes attached urgent
ham,draft loan the report review meeting lunch meeting for notes
ham,this notes budget call call buy lunch please call lunch please project
ham,discount the this and meeting draft draft your project update
ham,call the a the meeting project for attached winner report
ham,agenda please and deadline budget limited review meeting project a
spam,winner you urgent loan loan discount you offer now update
spam,cheap buy for please win discount limited buy
ham,credit please agenda budget deadline review update meeting this please and
spam,free guaranteed please now the buy buy your
spam,to for this discount loan offer click free project this prize discount
spam,cash this you offer loan win win a winner
ham,budget team for agenda you we your budget
spam,please cash for prize free winner win you prize prize
spam,deadline win free we free we the please urgent guaranteed urgent
spam,urgent offer cheap for win offer your and the
ham,team agenda credit we attached a draft notes and lunch you
ham,deadline update call and report and report meeting update notes
ham,schedule update now meeting lunch budget for a project meeting
spam,lunch now for buy click offer a click cheap click discount
spam,your for offer cheap buy click a you
ham,schedule deadline we for you attached guaranteed schedule notes
spam,for buy the for credit offer urgent please
ham,lunch meeting to deadline draft winner deadline and meeting and agenda agenda
spam,credit the deadline guaranteed prize this please now winner free
spam,click winner and update loan please discount winner your
ham,schedule credit this you call agenda draft please lunch schedule
spam,win prize your loan click guaranteed guaranteed win a prize
ham,you call cash budget draft and update
spam,a discount your now guaranteed cheap win guaranteed
spam,guaranteed winner a discount loan attached please a offer offer the prize offer
spam,this win free free we guaranteed and cash buy winner cheap review
spam,this to this limited credit now guaranteed
ham,budget attached project report your we the report agenda lunch
ham,your team the schedule a schedule call project
ham,notes to you budget deadline attached we update notes agenda budget
ham,attached call deadline prize agenda this this for budget meeting call you attached
spam,urgent for urgent credit click agenda and urgent urgent free
spam,this a winner prize limited winner please urgent offer loan
spam,prize now discount discount a please
ham,report attached lunch a this meeting notes schedule deadline agenda
ham,team lunch budget team report agenda your for your
ham,you report draft credit deadline we lunch deadline team
spam,urgent win free and free discount a winner offer buy
spam,offer guaranteed win for winner free the winner guaranteed
spam,we urgent loan cash to win now
ham,report we to review budget please budget call you attached lunch
ham,update limited this a draft a review budget for
spam,the free for offer prize win you to buy offer buy credit
spam,discount win guaranteed we cash to meeting limited a and cheap click
ham,team loan your draft your meeting a this report
ham,call agenda to you now project report budget schedule
ham,to draft please schedule to budget win attached budget update schedule
ham,you call draft review meeting buy and
spam,buy now the prize a your cash meeting urgent free
ham,lunch draft budget please your review
spam,loan now for urgent prize we a
ham,draft update draft for report deadline lunch this
spam,the limited notes limited the for free loan please free
spam,loan your buy please limited now and review
spam,please deadline now limited and offer the prize urgent for cash
spam,cheap you loan offer for win a credit we winner guaranteed win
spam,you cheap limited offer a discount to urgent win
ham,agenda for attached this meeting to team discount you
spam,buy meeting for credit offer discount your
spam,prize buy limited win win to guaranteed now update please now this
ham,to update lunch your meeting draft
ham,schedule this your budget call lunch budget credit notes
spam,guaranteed this draft click to limited please urgent win for
spam,click win the loan discount win discount loan deadline please
ham,attached draft to deadline update you agenda update meeting agenda
spam,now a winner discount deadline your discount and
ham,now call the meeting meeting schedule agenda schedule your
ham,to meeting project please team draft update now your please deadline
spam,credit notes we win credit guaranteed you click
spam,please call offer for cash now this prize
spam,we a free limited guaranteed urgent cash
spam,please for winner buy winner cash loan offer your limited
spam,your loan credit cheap click we winner loan please
ham,meeting team team a your draft please update call team
spam,guaranteed and please guaranteed and loan a now now
spam,credit loan click your this your urgent
ham,attached review free team draft for agenda your we deadline meeting draft
spam,the report free cheap win for this credit please limited now prize
spam,and buy discount please prize cash guaranteed credit cash
ham,the agenda your draft report your meeting budget and budget
ham,review and schedule call deadline the notes notes call cash draft
spam,cash loan free a limited to to cheap the
spam,buy cheap winner cash now to for winner
ham,to meeting deadline attached update schedule and report agenda prize
spam,please limited discount a prize meeting loan
ham,schedule draft team you report meeting your you notes
ham,prize attached budget a draft project please update project
spam,discount discount your loan click free credit loan we
ham,lunch this deadline you schedule attached deadline click your
ham,please review your meeting and attached and deadline
spam,buy win discount cash now we we win
ham,click review your attached we we lunch draft and
ham,and deadline we meeting attached attached attached project you
spam,now limited a for now guaranteed now loan
spam,urgent and guaranteed winner winner please limited cheap now this and
ham,report attached a the team to for deadline
spam,your guaranteed guaranteed cash discount discount and cheap
spam,we loan credit click winner to loan we buy guaranteed winner
ham,attached draft budget schedule deadline update and team you for
ham,draft you deadline update call to draft review and
ham,agenda report budget budget draft your attached draft team please you
spam,and urgent and discount cash discount your loan now limited
ham,agenda draft please schedule project credit the schedule report project
ham,call team agenda project please the call draft the meeting a project
ham,project your report notes report attached schedule free update and agenda
ham,deadline we update meeting lunch call we you
ham,agenda you discount team agenda project update lunch your schedule this please
ham,to please attached lunch draft this budget to agenda project budget
ham,report a call deadline project report draft your meeting
ham,call please review now call you agenda
spam,credit your now cheap for please cheap the
ham,notes your budget review team we free schedule attached this update lunch
spam,prize urgent free you now please prize offer please prize
spam,buy guaranteed you report buy free for your urgent your winner
spam,win win please free click lunch please buy loan we
spam,for for buy offer winner win
spam,team buy limited we we click discount discount now you
spam,buy free win loan we cash and
spam,please cash winner guaranteed for credit you schedule we
ham,to call and team agenda call win your your meeting review
spam,we discount credit cheap prize attached you
ham,your draft cheap to notes update schedule report we attached a
spam,winner please we click prize your discount your cash
spam,cash cheap a cash winner cheap for now click the cheap
spam,a discount please and click loan click
ham,we your report your urgent notes draft attached call
spam,free buy credit you now for cash urgent cash a win
ham,urgent draft for schedule report update please the
ham,this attached report to your report agenda
ham,project and lunch your your lunch the project meeting review
ham,notes agenda team deadline project you a you deadline schedule review
ham,notes meeting project a report deadline lunch your
spam,buy urgent this guaranteed guaranteed free report prize offer you urgent your
ham,lunch draft meeting please your team and a
ham,lunch review you you team you review draft project please schedule notes
spam,credit you this urgent this buy urgent limited to update limited
ham,for update we project agenda deadline attached lunch a
ham,your a and project budget agenda update review
ham,for team team please you report schedule this budget
ham,update meeting notes report we call the cheap we
ham,update meeting and draft agenda report budget call meeting for
ham,please schedule report project attached report credit a lunch team schedule and you
spam,click prize and click discount you offer guaranteed buy a
ham,lunch meeting for team your deadline deadline the call lunch call
ham,a review your draft agenda meeting limited to
spam,buy limited cash a this report discount
ham,we cheap for team project report report you
spam,urgent and to cheap buy winner lunch winner you to
ham,notes please review deadline agenda prize update meeting please
ham,budget for notes and this project lunch discount this
spam,urgent the you win guaranteed now this credit buy limited cash
spam,and we win and credit review the loan loan guaranteed
spam,winner budget please to now and for credit credit click win
ham,we the click lunch to call budget draft
spam,cheap offer we offer for loan the credit click discount review and
spam,limited and we win guaranteed and limited
spam,budget buy you to cash winner buy
ham,report review this we update lunch notes update lunch draft we
spam,win we limited limited click urgent discount click prize we
ham,this schedule for the lunch schedule meeting guaranteed call call notes meeting
ham,report draft your agenda project team you a
spam,urgent cheap your to free winner
spam,we free now win your limited free
spam,cash free please a limited we urgent attached
spam,guaranteed loan we click this credit and
spam,for credit notes cheap a win loan for the
ham,schedule please notes loan agenda please team attached budget we
spam,discount offer deadline win cheap you to limited urgent
spam,buy guaranteed cheap agenda free win cash and to credit win
ham,to attached and team review review team you project
ham,this report agenda draft notes we report review lunch
spam,to a loan urgent loan and free this
ham,update schedule a your deadline draft draft loan
spam,now limited guaranteed and deadline this guaranteed urgent
spam,budget this free we click prize limited click we you
ham,deadline lunch notes this budget draft report review the credit project
spam,loan prize now guaranteed budget winner we prize a guaranteed click
ham,update draft budget please call free your
ham,project project urgent your project meeting lunch draft for for lunch schedule we
spam,guaranteed cheap guaranteed discount win and cheap a for loan
ham,and you deadline schedule meeting review agenda update
spam,this the offer to winner click guaranteed offer
spam,click loan discount discount you please
spam,win you and your now free you guaranteed free
spam,the a winner discount buy for your winner buy
spam,limited budget for winner your click cash to we offer
ham,team update review you click agenda attached and
spam,loan guaranteed cheap a to cheap now discount cash a agenda
spam,win to you limited win lunch please credit please prize
spam,prize prize urgent your a your buy notes please cheap cheap
ham,please review and for review report project update loan and
ham,report team update we and call review draft team update you
ham,team draft update lunch lunch to update the
ham,lunch budget review loan notes you report to for project draft
spam,for guaranteed discount cash this and offer offer cash deadline credit
ham,we draft team meeting we draft your schedule please agenda lunch meeting
spam,discount a now notes click credit cash the
spam,and urgent urgent and offer agenda prize prize win loan
spam,now prize you urgent your please cheap update for credit
spam,win you win cash cheap a cheap and the cheap credit
ham,a team notes attached lunch you team you please prize
ham,a team call your we a report schedule
spam,urgent guaranteed prize prize the buy we now now
spam,loan discount prize free we to to attached to
ham,a a to schedule your schedule lunch project budget attached review
spam,free buy free attached please please offer
spam,winner this now for draft urgent you guaranteed you free cash buy
ham,project guaranteed call meeting update your your meeting budget
spam,discount win winner prize you guaranteed credit please cash and please urgent
spam,credit winner click click please loan click review the limited the discount to
spam,limited to this a and loan cheap agenda discount
spam,buy win deadline your prize urgent loan click now you
ham,deadline review and schedule report lunch meeting you the agenda discount team
ham,we budget lunch the agenda please we project budget lunch deadline attached
ham,to deadline team and review notes lunch team
spam,team cheap click limited cash click prize the and credit free
spam,your limited for winner a offer offer a report
spam,free now urgent you winner click project winner you guaranteed
ham,agenda please free review project deadline please this
ham,prize call draft draft review project you your
spam,please limited winner urgent a offer buy winner winner please win
spam,winner the cheap free win limited you limited the click schedule
ham,attached please lunch discount notes this we team project notes call we
spam,buy cheap cash please this offer deadline please please offer
ham,meeting for agenda report update for a budget meeting schedule report the
spam,offer loan for winner you lunch loan guaranteed urgent
ham,update the review notes project you lunch attached
ham,we lunch notes guaranteed agenda your update call meeting to
spam,urgent free prize buy to this
ham,budget update to team update deadline notes to notes agenda winner please
ham,we notes attached report lunch you lunch report deadline
spam,for winner a we cash cash win agenda loan for
spam,now cash your buy we attached prize
ham,update agenda project review schedule a deadline prize please
ham,agenda call a draft team your update winner and agenda you budget
spam,loan please meeting offer credit discount and prize offer
ham,attached we draft and budget lunch lunch notes
spam,guaranteed urgent the urgent urgent for the we urgent offer
spam,cash a attached urgent a limited limited urgent
spam,guaranteed this offer to click win and buy click win
ham,meeting we call report draft review deadline limited we
ham,call this we a lunch lunch notes notes you
spam,to limited your limited urgent update cash we free
ham,lunch schedule review to agenda to project lunch update update
ham,project we project notes review to
spam,and you free guaranteed credit free this now your
spam,now the free we report the your free credit limited now loan credit
spam,cash cheap guaranteed your a urgent win and review your winner
spam,click guaranteed lunch cheap to this a free guaranteed
ham,schedule and meeting we schedule offer attached
spam,schedule cash click loan click and this and offer and offer
ham,team team project you you notes budget team
ham,a schedule agenda lunch click project notes meeting to for agenda team
ham,team you budget a draft lunch review review budget
ham,project you free budget lunch the project meeting agenda
ham,deadline team notes for lunch your meeting notes notes cheap schedule
ham,meeting we schedule notes lunch your this to
spam,limited prize credit credit and free and winner and
ham,this budget budget this review we to agenda
spam,to and we to cheap win now free
spam,click urgent please the buy guaranteed the offer the
spam,please discount guaranteed loan please this winner now cash we
ham,update and and draft meeting we draft lunch this cash report
ham,schedule project agenda to the team lunch your
ham,for report update update project offer update you lunch the
spam,a a prize discount draft now guaranteed loan prize discount
ham,call team we agenda please call a agenda update your notes
ham,update a and project you draft budget call we win
spam,offer buy we project and guaranteed discount
ham,lunch budget review the notes deadline lunch the lunch guaranteed the and
ham,review review deadline we winner budget deadline for
spam,cheap win now a limited loan lunch for win prize credit
ham,report update you attached team draft budget your a meeting
ham,your draft for review call this schedule please deadline draft call
spam,to please limited the limited prize click
spam,for urgent urgent cash you urgent loan offer winner discount this
spam,winner prize this this guaranteed prize offer discount this a
spam,winner urgent for report now cash we
ham,and meeting draft review lunch and to project
ham,schedule the budget budget deadline project draft please report
spam,meeting you cash free limited for your offer for
ham,this attached attached meeting we we draft meeting loan team
ham,review a meeting draft budget meeting notes schedule schedule for for
ham,budget a meeting the attached and report a
ham,this call budget report you call notes we project
spam,limited for the deadline cash you you discount click
ham,call budget a discount review budget team attached lunch this agenda
spam,your winner we to cheap cash attached urgent
spam,please now please cash you win now
spam,please cash limited to prize cash urgent cheap buy a to guaranteed
spam,free guaranteed guaranteed report free cheap for we now limited please
ham,for we and budget update notes draft review draft
ham,we report deadline schedule deadline the discount you
ham,the this project call review offer we a lunch
ham,please to lunch lunch for budget deadline prize deadline call a
spam,limited update urgent free prize a credit the cash to to
ham,limited team call your lunch meeting review we attached
spam,winner buy click credit credit your win please cash urgent
spam,click we the now winner guaranteed winner prize please now you attached
spam,offer to now click limited draft discount your cash a
ham,to lunch attached for update you to report
spam,prize click the urgent the guaranteed
ham,report update please this meeting free draft
spam,the discount prize win please credit the prize the
spam,click cheap please limited please loan urgent guaranteed offer deadline
ham,attached and team discount notes we meeting notes notes
spam,call limited cheap loan cheap to you limited click free offer you the
spam,free cash loan to to prize to
spam,your offer your cash please report win click urgent offer we
ham,a buy schedule team and update project team
ham,this attached please credit meeting team draft call your for
spam,discount to and you now free credit to guaranteed
spam,offer cheap you win prize agenda buy cheap please please for now
ham,attached draft loan report this you draft deadline
spam,loan we we loan free winner
spam,limited prize prize loan we click prize for
spam,cash guaranteed and and a attached the guaranteed offer
spam,prize your your discount loan we guaranteed a winner
ham,lunch a meeting draft call draft guaranteed your your lunch attached for draft
spam,to now win the discount cash winner
spam,limited cash for your prize budget buy cash
ham,we attached call to this credit meeting a deadline deadline lunch
spam,to urgent guaranteed credit we the prize project win cash discount click please
spam,guaranteed call prize please buy win you we
spam,the draft this buy you win urgent for click
ham,a please review project budget draft we lunch
ham,to for attached project lunch update please schedule notes attached
ham,team lunch schedule attached team we and team
ham,you call the draft schedule update agenda you notes please
spam,cash you free credit for prize and
ham,a to prize project call attached this update draft we update budget
spam,for this cash guaranteed urgent discount click
spam,for we limited now now now please credit and now offer cash
ham,notes we attached the for notes guaranteed notes we review agenda call
ham,to schedule please lunch meeting the your notes buy
ham,and for and team agenda meeting call report credit we
spam,the cheap we free report loan click
spam,prize buy guaranteed offer limited you this you
ham,you winner report team update project your a and
spam,prize credit meeting please you loan you discount prize please
ham,budget for project meeting we deadline cash for attached for
ham,team review lunch team you limited for report this update notes attached you
ham,we the the review lunch and project review
ham,to free team a update team you review
spam,a guaranteed click meeting now you winner we limited credit this
spam,prize you discount please credit you cash
ham,notes to call attached report you this
spam,cheap limited limited update and win cash credit a
spam,loan now draft and cash winner and urgent offer urgent a
ham,winner project and review we deadline review project a
spam,win offer discount buy free click and update and and
spam,limited win and cash winner a urgent
spam,review win free the for buy to loan
ham,please the to budget notes budget deadline your
spam,discount prize offer and your prize to discount win
spam,and the credit loan loan agenda win win free offer
ham,call lunch your report lunch you budget credit the schedule
ham,schedule the review draft schedule draft meeting notes we
spam,please winner guaranteed click the win this
spam,cash free report prize please your buy you loan
ham,budget notes agenda for report team and we budget project attached
ham,and and for review call offer report notes
spam,prize for buy and guaranteed buy
ham,call team and notes your draft to report guaranteed update project report to
ham,project you notes your for lunch a report draft
ham,agenda cash a draft budget for the review schedule project please
ham,this agenda notes draft for notes you and
spam,win the win urgent free to for your
spam,cheap to urgent and review guaranteed click guaranteed discount to click urgent
ham,report for notes and schedule meeting cash you you report
ham,guaranteed for your draft call project call draft project
ham,notes for you you review credit call schedule your
spam,and loan a you the loan offer offer
spam,and win credit we win cheap we
ham,team budget your a review update lunch attached
ham,update draft lunch we a we credit agenda the lunch agenda
spam,you to offer win limited cash discount
ham,cheap we budget agenda your budget report the and schedule
spam,prize cheap now and free credit and
ham,your review project attached agenda please update draft
ham,the attached cheap notes meeting notes review draft schedule meeting a
ham,budget click you budget lunch agenda meeting budget your agenda project
spam,offer to review cash buy please prize discount guaranteed win guaranteed
spam,guaranteed attached loan click winner offer we urgent this you now
ham,lunch agenda budget for budget you agenda we this cheap update lunch
spam,urgent for this buy click cheap we
spam,winner schedule and buy for guaranteed limited we urgent discount urgent
spam,now now to we guaranteed free cash cash project we
spam,update loan a to cheap offer offer loan your limited cheap
spam,your credit free buy this buy and
spam,free please cheap win buy the and prize notes loan
spam,team the a your a credit win winner click
spam,your guaranteed buy cheap cheap winner urgent for guaranteed update
ham,your meeting for you budget update notes update
spam,discount attached buy the offer and discount
spam,please offer we cheap click we buy please team prize cash credit
ham,to update to you for schedule review budget
spam,and guaranteed prize discount limited guaranteed offer to you
ham,schedule update and a deadline agenda deadline deadline a
ham,this deadline agenda you schedule review
spam,you prize discount cash credit attached cash cheap and loan
spam,your now guaranteed loan you prize your discount urgent loan you
spam,discount now your limited for to budget we cash
ham,the to for project report schedule project a
spam,please credit meeting you credit cheap urgent
spam,attached for and credit winner your urgent limited cash
spam,for winner winner free cheap prize you winner
spam,we loan a loan the limited and limited credit now free limited
spam,cash we we click the credit credit
ham,lunch we to please schedule budget this update lunch
ham,meeting review review report schedule we a team deadline to
ham,project deadline deadline call please for draft your review
spam,discount discount loan the winner offer offer now and prize report
ham,team schedule you to deadline agenda lunch lunch review urgent
spam,win please your the the cash winner prize winner
spam,credit a schedule winner your winner cash win
ham,team please this a review the report lunch call
ham,team review attached to meeting lunch project limited project please
spam,click free please we winner guaranteed to click buy we cash
ham,and team project notes and for update free report update
spam,we your this click win winner urgent
spam,cash cheap for we click agenda buy limited
ham,your now deadline this deadline budget for update
spam,cash a the notes cash urgent click credit you discount please credit buy
spam,guaranteed agenda this to to now your urgent offer
ham,attached schedule meeting please notes budget credit and update
spam,free click buy and schedule a cheap credit cheap
ham,report attached call the team please you attached meeting update
spam,please draft free this limited your urgent click
spam,win cash this limited your win
spam,notes for cheap now winner your winner
spam,offer urgent you winner buy win limited win and credit budget and
spam,limited for cash prize your offer click winner offer please
spam,loan urgent report this cheap win cheap the offer you a discount
ham,draft meeting please review report report agenda for please budget meeting win
ham,review notes schedule you lunch call project deadline a the deadline
ham,agenda to deadline call project call to this budget team a
ham,project lunch notes deadline team meeting winner a and
ham,cash agenda you you project notes notes
spam,please your guaranteed offer we prize free
spam,urgent a for discount winner cash prize you loan winner click
ham,attached project to to lunch the a attached draft agenda update
ham,update budget call meeting cash we we update this project for report
ham,team deadline report update project and the we meeting call your lunch
spam,prize prize click offer you urgent you credit this prize call
spam,limited guaranteed the limited prize discount the attached
spam,a we offer free your cheap loan you
ham,draft review project budget prize review draft the and
ham,team the buy this your update budget project
ham,project for project lunch project your we
ham,draft a project project please draft you attached team a agenda
ham,call limited review we lunch this schedule call
ham,agenda draft update schedule deadline for the you call lunch
ham,notes a update update to update a deadline
spam,this the win credit buy for urgent discount for credit attached
ham,deadline click the meeting this review update for agenda
spam,please discount loan offer we for and free cash report
ham,your project team for call please team attached project
spam,discount now you win cash urgent loan cheap a
ham,for deadline deadline for lunch the agenda cash a call lunch agenda update
spam,cash now discount limited cheap cash for we please limited buy
spam,offer loan agenda offer we the now click
ham,budget budget lunch to attached a you schedule
spam,discount free offer your credit for to cheap update discount cheap
ham,notes draft report team deadline and we offer
ham,report please for report lunch update the schedule
ham,for your agenda update meeting call report attached report the this
spam,guaranteed now you discount winner win to cheap now your you prize budget
ham,review review you free update schedule for review
spam,we now your click report the now prize win to winner free
spam,and free and loan click winner cash and loan please prize discount
ham,report winner lunch report to please schedule team we
ham,cheap draft the for budget attached please deadline
spam,for limited your and free cash cheap
spam,credit urgent click we cash please buy cash cash your
spam,free and free credit we cash win and now report free
ham,project this schedule draft schedule lunch we call report budget
spam,for discount win cash win for
ham,you update project buy update budget a
ham,update we deadline budget you review free agenda
ham,agenda you draft deadline a meeting please
ham,this this please team notes credit team attached report
spam,cheap urgent loan please offer your click
ham,we draft team agenda your attached project report call your
ham,attached review notes meeting and winner to you to
ham,cheap notes review you project report update a to
ham,the a agenda agenda notes deadline update
ham,review and review we attached for project for meeting schedule
ham,this notes team update for meeting budget call lunch report to a
spam,we prize cash prize offer draft cheap this discount for loan prize
ham,report team notes we budget lunch to budget you report winner agenda and
spam,you and prize we cash guaranteed guaranteed now agenda we
ham,project notes to we agenda deadline agenda draft
ham,deadline notes and schedule review for
ham,notes this agenda schedule project we deadline your you
spam,win limited cash offer the attached cash discount to
spam,attached your and cheap buy a win urgent a win buy now prize
ham,update draft draft project the and deadline
spam,please you and now limited limited this limited winner buy
ham,call for a team agenda draft please this
ham,and to the and project call call meeting loan project report review
spam,for please win urgent winner a offer
spam,your now to limited draft urgent and limited
spam,we offer meeting urgent to buy urgent urgent free credit
ham,attached review call please call review project this schedule loan
ham,deadline discount lunch budget your please notes report meeting
spam,cash win credit winner attached cheap urgent and please limited buy
ham,report please please update review agenda for review schedule limited to
ham,team attached for schedule a budget agenda meeting to project now
spam,draft now you we cheap and offer urgent
ham,notes draft deadline to budget your
spam,buy buy free cash please urgent agenda for win urgent this for
ham,review team this we for review agenda we
spam,buy you buy cash free now prize we
spam,discount prize this discount win cheap the
ham,attached limited meeting notes draft agenda lunch to you
ham,agenda meeting free to report update review your update and
ham,credit project lunch team this lunch you the attached
spam,click for click your click we cash
spam,for free guaranteed to buy your now now urgent and
ham,meeting draft meeting the budget review agenda meeting and
spam,credit discount now urgent we limited prize cash you your
ham,we update project deadline draft lunch attached notes to prize
ham,the team schedule update attached to budget update budget
ham,for team we schedule update review winner call
ham,project deadline the deadline project a this you limited review meeting team
spam,guaranteed limited buy please cheap we winner budget free
spam,buy free the guaranteed your budget buy
ham,lunch team notes budget agenda project please loan lunch for
ham,and lunch offer update meeting the meeting attached you your deadline
ham,we your for notes win notes a draft draft call update update
spam,the urgent loan loan your limited for
ham,call budget lunch review review budget the the to team
spam,you update guaranteed win and loan offer this free to winner
spam,offer you the offer credit you win you offer
spam,limited please limited winner loan a offer team credit buy we
ham,team you cheap lunch you agenda lunch
spam,and discount cheap cash a win the limited and
ham,the report deadline deadline guaranteed notes notes this the meeting a update draft
spam,limited please prize credit prize for a
spam,a credit now to your discount guaranteed winner credit
spam,credit this buy prize credit your winner
ham,deadline budget attached report review attached you for cash
spam,report cash discount prize for prize you
spam,free prize now cash offer cheap attached and click for free
spam,urgent to prize discount a winner win this prize buy
ham,deadline lunch team you and schedule meeting lunch your cash your
spam,offer offer lunch this the limited please we guaranteed loan urgent loan prize
ham,report please notes please your lunch we draft draft team update attached
ham,agenda team draft review your your win project draft agenda call
spam,cheap you win cash budget we credit click limited this
ham,schedule meeting project and the attached and the
ham,lunch schedule team please attached and
ham,a lunch update this meeting lunch draft update attached
ham,call prize to attached a notes deadline a notes report budget
spam,a the cheap urgent deadline this free a credit prize buy buy
ham,draft please attached attached free schedule for agenda for
ham,draft a you your deadline lunch deadline team team team for review
ham,call for lunch attached this budget budget you update deadline
ham,lunch the agenda schedule and notes we
spam,a this to prize winner free urgent offer
ham,budget team attached deadline winner notes lunch your please
ham,for attached we team budget deadline now attached for schedule project this
spam,cheap free offer the to win guaranteed urgent limited
ham,this your report schedule notes the we lunch
ham,and schedule to call please budget agenda update to
ham,deadline lunch and lunch update call update this agenda
spam,you and offer cheap for now a click lunch discount
spam,credit prize and click credit prize urgent and your
ham,urgent please review lunch please agenda draft the
ham,team the deadline you project this for schedule attached
spam,lunch the buy cheap click prize limited credit now limited a
spam,agenda your buy you prize we credit win loan prize we winner
ham,your and meeting limited schedule review team notes meeting notes meeting
spam,offer for offer loan this click
ham,schedule schedule please now call review agenda and budget your meeting
ham,a a and lunch agenda agenda please schedule draft
spam,for offer guaranteed this review now loan urgent prize
spam,guaranteed please click now this buy notes
ham,team call notes offer deadline budget this for deadline the lunch
spam,win a winner free and guaranteed please
spam,now the prize discount budget cash buy prize discount and
spam,please free guaranteed for prize this free prize budget loan limited your
spam,free a urgent urgent the win click loan cheap your
ham,attached attached a report review please
ham,free review a attached please meeting deadline review a
ham,notes please project budget the budget
spam,loan limited for a cash win please winner click
ham,this report schedule project you this notes project for
ham,project attached review the meeting and deadline we agenda schedule please
ham,notes budget budget schedule lunch the schedule the cheap team lunch the
ham,your report draft and update schedule and attached
ham,the schedule call budget agenda report the cheap team the report deadline
ham,we and your agenda meeting meeting update
ham,draft and draft report this please lunch
ham,attached attached your agenda attached update a the report meeting
ham,agenda team team and prize update lunch to
ham,meeting your this deadline deadline notes
ham,project your to agenda draft the deadline to notes report notes call
spam,we discount credit this free offer the loan now free agenda
spam,cheap a call cash credit and your loan guaranteed for
spam,urgent cheap win draft for now this limited urgent now this credit
ham,your deadline to notes call please deadline you
spam,call you limited limited you discount credit
ham,deadline win meeting meeting report and to
spam,this buy you now click credit
ham,review a meeting team to project draft
ham,project agenda project the attached this report agenda schedule please your
ham,for team you meeting we schedule loan review
ham,you report please schedule for your deadline review win
spam,the urgent click limited prize and limited win cash please
ham,meeting schedule draft meeting lunch team you a review
spam,for free and the credit win limited
ham,the lunch budget lunch to schedule loan notes attached budget this notes
ham,a you update deadline we report budget
ham,project we schedule lunch and meeting review urgent for
ham,review your meeting attached we your project
spam,win urgent and loan you to loan we win now now prize
spam,to offer please discount credit to a discount guaranteed
spam,click and buy a cash to the prize offer buy cheap buy
ham,agenda call team schedule to agenda meeting this agenda
spam,cash win to the cash limited to lunch offer
spam,buy the loan cash we to please winner loan
ham,update call for cheap update draft this
ham,we your budget call agenda call lunch a review agenda for
ham,report please agenda schedule budget agenda a draft you notes please
ham,deadline to review you we deadline call your
spam,discount you now click now your buy loan buy your
ham,your draft schedule team to meeting for call
ham,lunch and meeting team and team draft to you discount
ham,lunch update to your deadline notes your you deadline lunch agenda
spam,you the free limited urgent credit cheap
spam,win please now please buy click deadline prize limited buy loan
spam,limited prize cash your you this winner prize cash for cheap
spam,prize report cash buy urgent cash offer your please urgent
spam,cash urgent limited urgent offer agenda for for guaranteed buy to loan
ham,your agenda update budget you schedule your schedule this
spam,loan a free schedule and winner please discount buy the
ham,buy attached your attached your to draft agenda report team
spam,limited we prize win the for for free call
spam,limited buy schedule winner and winner and urgent limited urgent your free
ham,a we call report please credit draft review agenda
ham,call budget review to agenda the you call to report
spam,win discount urgent this loan free we agenda urgent
ham,update lunch we we budget update draft
ham,draft a agenda urgent call update call to
spam,this winner prize a click offer review now cheap this winner win to
spam,discount now free a you cheap and
ham,meeting meeting agenda meeting budget attached review for attached we to
ham,project meeting please meeting deadline report a urgent
spam,we please discount to now please now cheap cheap winner
ham,report urgent and update the schedule budget notes agenda
ham,meeting review we agenda review to a agenda we
spam,guaranteed offer cash credit cash this lunch to and prize now
spam,urgent buy prize you limited discount a offer this
spam,call we winner prize we discount you click
spam,offer limited now you credit and free credit and and
ham,cash report for to draft budget review project notes
spam,and for to guaranteed now please discount draft cheap urgent
spam,cheap discount win urgent please and discount buy now winner
spam,free your buy your cheap offer you for buy
spam,draft and this urgent loan discount a guaranteed
spam,call prize you credit buy urgent click offer your
spam,buy urgent now prize you winner this for for
ham,review call you lunch meeting meeting call we a project deadline and
spam,win click guaranteed credit you update cheap a and limited
ham,review report review lunch team agenda this we team
ham,call lunch meeting to your to winner schedule we
ham,lunch update call discount draft the a meeting
spam,a your guaranteed urgent cheap cash discount update urgent
spam,cash urgent buy win urgent offer cash attached click we for
spam,loan your this limited offer limited click click winner cash
ham,buy project attached attached update please budget team deadline review for your
ham,deadline credit and please report report team schedule you your
ham,schedule draft team budget attached report a cheap update we please
ham,attached notes you deadline project attached budget your your project please review
spam,this this offer urgent winner to winner for guaranteed
ham,attached cash to meeting agenda deadline please team update
spam,urgent loan schedule to for win offer
spam,and you discount guaranteed buy now and click loan
ham,report budget report to draft lunch deadline this team win notes
ham,attached the lunch update you your notes report schedule deadline
spam,free credit free discount cash limited please and schedule
spam,guaranteed agenda you and we cash cheap urgent
spam,you now credit cash loan report buy and win free
ham,we attached report and to schedule we call notes meeting
ham,budget schedule your cheap deadline budget to budget please we agenda team
ham,deadline meeting we lunch and call for to meeting budget schedule
spam,limited discount win please loan a please now
spam,we cheap limited a cash attached guaranteed now for we
spam,loan limited you win credit and buy
ham,your a project team team we review
spam,now and cheap to win cash please buy you
spam,free discount deadline winner credit for loan offer cash this
spam,loan cash we win prize we agenda a
spam,deadline offer discount the free you cash the urgent
ham,attached the team budget a the we review notes draft notes notes
spam,winner credit buy to for loan limited credit this your
spam,free for prize cheap the discount guaranteed credit buy cheap the
spam,the win the credit free discount free now loan please to
ham,agenda project your agenda draft this schedule we deadline draft discount
ham,deadline meeting review your lunch lunch you deadline review call and
ham,call draft the budget and draft this
ham,attached deadline meeting project update to your deadline you lunch agenda
ham,for attached deadline call review a call budget budget meeting
spam,offer this the discount guaranteed discount and and free loan limited
ham,offer you meeting draft team notes to
ham,cash attached please agenda agenda the we update please
ham,budget your notes update team to attached review buy
spam,click a urgent your prize urgent buy loan call free
ham,the and discount lunch agenda review a schedule
ham,the schedule draft to for update you schedule team team
ham,report notes to notes call attached the update
ham,limited update budget call the please call notes schedule
spam,now for draft limited urgent offer click now a we for
ham,to draft we a lunch you meeting project meeting lunch update lunch
ham,schedule update the budget meeting a draft update agenda and you
ham,this lunch draft schedule this team
spam,limited loan your a credit prize and the click loan
spam,prize we guaranteed offer discount buy cash this urgent
spam,offer urgent for now your prize
ham,attached meeting click report lunch lunch the the a
spam,win and your free loan cash credit winner
spam,discount win win draft guaranteed you cash win cash this
spam,credit limited discount a free limited deadline urgent winner buy please
spam,prize discount please buy discount your now agenda
ham,this prize and deadline deadline update deadline call please
ham,this meeting draft agenda project the meeting call call lunch for
spam,win cash cash offer we guaranteed call for
ham,your update notes report your agenda
spam,credit a credit discount and click buy notes win buy for
ham,we team meeting update we budget cheap
spam,a cheap and report discount cheap this and loan
ham,lunch agenda review this this budget and report deadline for agenda
spam,free prize the guaranteed prize winner win cash guaranteed the
spam,guaranteed click offer to guaranteed for cheap loan and buy now
spam,this please the offer guaranteed limited guaranteed draft
ham,notes report meeting deadline your lunch budget the this agenda
spam,cash cash this guaranteed a your draft offer this prize loan
spam,this discount urgent credit click your buy credit
ham,your budget draft your meeting review review prize and project
spam,to the win a free now discount prize buy now prize
ham,and budget lunch attached please now report draft
spam,credit cheap buy guaranteed winner win the we winner and loan
ham,team project project for attached budget agenda to now budget
spam,and a discount credit meeting prize cheap a limited for winner
spam,buy now and now win urgent the lunch buy urgent
spam,you winner winner limited draft please the limited prize
ham,to deadline the meeting team attached notes meeting to project
spam,the to your the offer winner winner winner
